INSERT INTO "public"."menus"("id", "name", "class", "icon_class", "folder", "parent", "order", "active", "created_at", "updated_at") VALUES (1, 'User Management', NULL, 'fa fa-users-cog', 'app_management', 0, 0, 't', '2018-11-14 19:42:11', '2018-11-19 14:35:08');
INSERT INTO "public"."menus"("id", "name", "class", "icon_class", "folder", "parent", "order", "active", "created_at", "updated_at") VALUES (2, 'Master', NULL, 'flaticon-file-1', 'app_management', 1, 1, 't', '2018-11-14 19:42:11', '2018-11-14 19:42:11');
INSERT INTO "public"."menus"("id", "name", "class", "icon_class", "folder", "parent", "order", "active", "created_at", "updated_at") VALUES (3, 'Role', 'role', NULL, 'app_management', 2, 1, 't', '2018-11-14 19:42:11', '2018-11-14 19:42:11');
INSERT INTO "public"."menus"("id", "name", "class", "icon_class", "folder", "parent", "order", "active", "created_at", "updated_at") VALUES (4, 'Menu', 'menu', NULL, 'app_management', 2, 2, 't', '2018-11-14 19:42:11', '2018-11-14 19:42:11');
INSERT INTO "public"."menus"("id", "name", "class", "icon_class", "folder", "parent", "order", "active", "created_at", "updated_at") VALUES (5, 'Role Menu', 'role_menu', NULL, 'app_management', 1, 2, 't', '2018-11-14 19:42:11', '2018-11-14 19:42:11');
INSERT INTO "public"."menus"("id", "name", "class", "icon_class", "folder", "parent", "order", "active", "created_at", "updated_at") VALUES (6, 'Menu Permission', 'menu_permission', NULL, 'app_management', 1, 3, 't', '2018-11-14 19:42:11', '2018-11-14 19:42:11');
INSERT INTO "public"."menus"("id", "name", "class", "icon_class", "folder", "parent", "order", "active", "created_at", "updated_at") VALUES (7, 'User', 'user', NULL, 'app_management', 1, 4, 't', '2018-11-14 19:42:11', '2018-11-14 19:42:11');
INSERT INTO "public"."menus"("id", "name", "class", "icon_class", "folder", "parent", "order", "active", "created_at", "updated_at") VALUES (8, 'Master Data', NULL, 'fa fa-atom', 'master_data', 0, 1, 't', '2018-11-19 14:09:43', '2018-11-19 14:35:08');
INSERT INTO "public"."menus"("id", "name", "class", "icon_class", "folder", "parent", "order", "active", "created_at", "updated_at") VALUES (9, 'Region', NULL, 'flaticon-placeholder-2', 'master_data', 8, 1, 't', '2018-11-19 14:14:07', '2018-11-19 14:27:38');
INSERT INTO "public"."menus"("id", "name", "class", "icon_class", "folder", "parent", "order", "active", "created_at", "updated_at") VALUES (10, 'Provinces', 'province', NULL, 'master_data', 9, 1, 't', '2018-11-19 14:14:34', '2018-11-19 14:15:13');
INSERT INTO "public"."menus"("id", "name", "class", "icon_class", "folder", "parent", "order", "active", "created_at", "updated_at") VALUES (11, 'Regencies', 'regency', NULL, 'master_data', 9, 2, 't', '2018-11-19 14:15:00', '2018-11-19 14:15:00');
INSERT INTO "public"."menus"("id", "name", "class", "icon_class", "folder", "parent", "order", "active", "created_at", "updated_at") VALUES (12, 'Districts', 'district', NULL, 'master_data', 9, 3, 't', '2018-11-19 14:15:55', '2018-11-19 14:15:55');
INSERT INTO "public"."menus"("id", "name", "class", "icon_class", "folder", "parent", "order", "active", "created_at", "updated_at") VALUES (14, 'Outlet', 'outlet', NULL, 'master_data', 8, 2, 't', '2018-11-19 14:16:47', '2018-11-19 14:16:47');
INSERT INTO "public"."menus"("id", "name", "class", "icon_class", "folder", "parent", "order", "active", "created_at", "updated_at") VALUES (15, 'Unit', 'unit', NULL, 'master_data', 8, 3, 't', '2018-11-19 14:17:14', '2018-11-19 14:17:14');
INSERT INTO "public"."menus"("id", "name", "class", "icon_class", "folder", "parent", "order", "active", "created_at", "updated_at") VALUES (16, 'Shift', 'shift', NULL, 'master_data', 8, 4, 't', '2018-11-19 14:17:45', '2018-11-19 14:17:45');
INSERT INTO "public"."menus"("id", "name", "class", "icon_class", "folder", "parent", "order", "active", "created_at", "updated_at") VALUES (17, 'Supplier', 'supplier', NULL, 'master_data', 8, 5, 't', '2018-11-19 14:18:10', '2018-11-19 14:18:10');
INSERT INTO "public"."menus"("id", "name", "class", "icon_class", "folder", "parent", "order", "active", "created_at", "updated_at") VALUES (18, 'Discounts', NULL, 'flaticon-interface-11', 'master_data', 8, 7, 't', '2018-11-19 14:22:33', '2019-06-12 17:44:43');
INSERT INTO "public"."menus"("id", "name", "class", "icon_class", "folder", "parent", "order", "active", "created_at", "updated_at") VALUES (19, 'Discount Type', 'discount_type', NULL, 'master_data', 18, 1, 't', '2018-11-19 14:24:41', '2018-11-19 14:24:41');
INSERT INTO "public"."menus"("id", "name", "class", "icon_class", "folder", "parent", "order", "active", "created_at", "updated_at") VALUES (20, 'Discount', 'discount', NULL, 'master_data', 18, 2, 't', '2018-11-19 14:25:10', '2018-11-19 14:25:10');
INSERT INTO "public"."menus"("id", "name", "class", "icon_class", "folder", "parent", "order", "active", "created_at", "updated_at") VALUES (21, 'Products', NULL, 'flaticon-open-box', 'master_data', 8, 8, 't', '2018-11-19 14:33:32', '2019-06-12 17:44:43');
INSERT INTO "public"."menus"("id", "name", "class", "icon_class", "folder", "parent", "order", "active", "created_at", "updated_at") VALUES (22, 'Product Category', 'product_category', NULL, 'master_data', 21, 1, 't', '2018-11-19 14:34:23', '2018-11-19 14:35:08');
INSERT INTO "public"."menus"("id", "name", "class", "icon_class", "folder", "parent", "order", "active", "created_at", "updated_at") VALUES (23, 'Product', 'product', NULL, 'master_data', 21, 3, 't', '2018-11-19 14:34:50', '2018-11-19 14:35:08');
INSERT INTO "public"."menus"("id", "name", "class", "icon_class", "folder", "parent", "order", "active", "created_at", "updated_at") VALUES (25, 'Employee Management', NULL, 'fa fa-user-tie', 'emp_management', 0, 3, 't', '2018-11-19 14:39:03', '2018-11-19 14:39:03');
INSERT INTO "public"."menus"("id", "name", "class", "icon_class", "folder", "parent", "order", "active", "created_at", "updated_at") VALUES (26, 'Identity', 'identity', NULL, 'emp_management', 25, 1, 't', '2018-11-19 14:39:34', '2018-11-19 14:39:34');
INSERT INTO "public"."menus"("id", "name", "class", "icon_class", "folder", "parent", "order", "active", "created_at", "updated_at") VALUES (27, 'Employee', 'employee', NULL, 'emp_management', 25, 2, 't', '2018-11-19 14:39:59', '2018-11-19 14:39:59');
INSERT INTO "public"."menus"("id", "name", "class", "icon_class", "folder", "parent", "order", "active", "created_at", "updated_at") VALUES (28, 'Cashiers', NULL, 'fa fa-calculator', 'cashier', 0, 3, 't', '2018-11-19 14:41:31', '2019-07-24 14:46:53');
INSERT INTO "public"."menus"("id", "name", "class", "icon_class", "folder", "parent", "order", "active", "created_at", "updated_at") VALUES (29, 'Open Cashier', 'open_cashier', NULL, 'cashier', 28, 1, 't', '2018-11-19 14:41:58', '2018-11-19 14:41:58');
INSERT INTO "public"."menus"("id", "name", "class", "icon_class", "folder", "parent", "order", "active", "created_at", "updated_at") VALUES (30, 'Close Cashier', 'close_cashier', NULL, 'cashier', 28, 2, 't', '2018-11-19 14:42:27', '2018-11-19 14:42:27');
INSERT INTO "public"."menus"("id", "name", "class", "icon_class", "folder", "parent", "order", "active", "created_at", "updated_at") VALUES (31, 'Cashier', 'cashier', NULL, 'cashier', 28, 3, 't', '2018-11-19 14:42:50', '2018-11-19 14:42:50');
INSERT INTO "public"."menus"("id", "name", "class", "icon_class", "folder", "parent", "order", "active", "created_at", "updated_at") VALUES (32, 'Order', NULL, 'fa fa-hand-holding-usd', 'order', 0, 3, 't', '2018-11-19 14:44:47', '2019-07-24 14:46:53');
INSERT INTO "public"."menus"("id", "name", "class", "icon_class", "folder", "parent", "order", "active", "created_at", "updated_at") VALUES (33, 'Purchase', 'purchase', NULL, 'order', 32, 1, 't', '2018-11-19 14:45:18', '2019-07-23 16:13:32');
INSERT INTO "public"."menus"("id", "name", "class", "icon_class", "folder", "parent", "order", "active", "created_at", "updated_at") VALUES (34, 'Return', 'return', NULL, 'order', 32, 4, 't', '2018-11-19 14:45:52', '2019-07-23 16:14:06');
INSERT INTO "public"."menus"("id", "name", "class", "icon_class", "folder", "parent", "order", "active", "created_at", "updated_at") VALUES (35, 'Receive', 'receive', NULL, 'order', 32, 2, 't', '2018-11-19 14:46:13', '2019-07-23 16:13:51');
INSERT INTO "public"."menus"("id", "name", "class", "icon_class", "folder", "parent", "order", "active", "created_at", "updated_at") VALUES (38, 'Brand', 'brand', NULL, 'master_data', 8, 6, 't', '2019-06-12 17:44:16', '2019-06-12 17:44:43');
INSERT INTO "public"."menus"("id", "name", "class", "icon_class", "folder", "parent", "order", "active", "created_at", "updated_at") VALUES (39, 'Report', NULL, 'fa fa-file-signature', 'report', 0, 5, 't', '2019-06-13 11:52:04', '2019-07-24 14:46:53');
INSERT INTO "public"."menus"("id", "name", "class", "icon_class", "folder", "parent", "order", "active", "created_at", "updated_at") VALUES (40, 'Sales', 'sales_report', NULL, 'report', 39, 1, 't', '2019-06-13 11:53:29', '2019-06-13 11:53:29');
INSERT INTO "public"."menus"("id", "name", "class", "icon_class", "folder", "parent", "order", "active", "created_at", "updated_at") VALUES (41, 'Purchase', 'purchase_report', NULL, 'report', 39, 2, 't', '2019-06-13 11:53:57', '2019-06-13 11:53:57');
INSERT INTO "public"."menus"("id", "name", "class", "icon_class", "folder", "parent", "order", "active", "created_at", "updated_at") VALUES (42, 'Cashier History', 'cashier_history', NULL, 'cashier', 28, 4, 't', '2019-06-24 14:59:54', '2019-06-24 15:02:36');

ALTER SEQUENCE menus_id_seq RESTART WITH 43;

INSERT INTO "public"."role_menu"("id", "role_id", "menu_id", "created_at", "updated_at") VALUES (1, 1, 1, '2018-11-14 19:42:11', '2018-11-14 19:42:11');
INSERT INTO "public"."role_menu"("id", "role_id", "menu_id", "created_at", "updated_at") VALUES (2, 1, 2, '2018-11-14 19:42:11', '2018-11-14 19:42:11');
INSERT INTO "public"."role_menu"("id", "role_id", "menu_id", "created_at", "updated_at") VALUES (3, 1, 3, '2018-11-14 19:42:11', '2018-11-14 19:42:11');
INSERT INTO "public"."role_menu"("id", "role_id", "menu_id", "created_at", "updated_at") VALUES (4, 1, 4, '2018-11-14 19:42:11', '2018-11-14 19:42:11');
INSERT INTO "public"."role_menu"("id", "role_id", "menu_id", "created_at", "updated_at") VALUES (5, 1, 5, '2018-11-14 19:42:11', '2018-11-14 19:42:11');
INSERT INTO "public"."role_menu"("id", "role_id", "menu_id", "created_at", "updated_at") VALUES (6, 1, 6, '2018-11-14 19:42:11', '2018-11-14 19:42:11');
INSERT INTO "public"."role_menu"("id", "role_id", "menu_id", "created_at", "updated_at") VALUES (7, 1, 7, '2018-11-14 19:42:11', '2018-11-14 19:42:11');
INSERT INTO "public"."role_menu"("id", "role_id", "menu_id", "created_at", "updated_at") VALUES (8, 1, 8, NULL, NULL);
INSERT INTO "public"."role_menu"("id", "role_id", "menu_id", "created_at", "updated_at") VALUES (9, 1, 9, NULL, NULL);
INSERT INTO "public"."role_menu"("id", "role_id", "menu_id", "created_at", "updated_at") VALUES (10, 1, 10, NULL, NULL);
INSERT INTO "public"."role_menu"("id", "role_id", "menu_id", "created_at", "updated_at") VALUES (11, 1, 11, NULL, NULL);
INSERT INTO "public"."role_menu"("id", "role_id", "menu_id", "created_at", "updated_at") VALUES (12, 1, 12, NULL, NULL);
INSERT INTO "public"."role_menu"("id", "role_id", "menu_id", "created_at", "updated_at") VALUES (14, 1, 14, NULL, NULL);
INSERT INTO "public"."role_menu"("id", "role_id", "menu_id", "created_at", "updated_at") VALUES (15, 1, 15, NULL, NULL);
INSERT INTO "public"."role_menu"("id", "role_id", "menu_id", "created_at", "updated_at") VALUES (16, 1, 16, NULL, NULL);
INSERT INTO "public"."role_menu"("id", "role_id", "menu_id", "created_at", "updated_at") VALUES (17, 1, 17, NULL, NULL);
INSERT INTO "public"."role_menu"("id", "role_id", "menu_id", "created_at", "updated_at") VALUES (18, 1, 18, NULL, NULL);
INSERT INTO "public"."role_menu"("id", "role_id", "menu_id", "created_at", "updated_at") VALUES (19, 1, 19, NULL, NULL);
INSERT INTO "public"."role_menu"("id", "role_id", "menu_id", "created_at", "updated_at") VALUES (20, 1, 20, NULL, NULL);
INSERT INTO "public"."role_menu"("id", "role_id", "menu_id", "created_at", "updated_at") VALUES (21, 1, 21, NULL, NULL);
INSERT INTO "public"."role_menu"("id", "role_id", "menu_id", "created_at", "updated_at") VALUES (22, 1, 22, NULL, NULL);
INSERT INTO "public"."role_menu"("id", "role_id", "menu_id", "created_at", "updated_at") VALUES (23, 1, 23, NULL, NULL);
INSERT INTO "public"."role_menu"("id", "role_id", "menu_id", "created_at", "updated_at") VALUES (25, 1, 25, NULL, NULL);
INSERT INTO "public"."role_menu"("id", "role_id", "menu_id", "created_at", "updated_at") VALUES (26, 1, 26, NULL, NULL);
INSERT INTO "public"."role_menu"("id", "role_id", "menu_id", "created_at", "updated_at") VALUES (27, 1, 27, NULL, NULL);
INSERT INTO "public"."role_menu"("id", "role_id", "menu_id", "created_at", "updated_at") VALUES (28, 1, 28, NULL, NULL);
INSERT INTO "public"."role_menu"("id", "role_id", "menu_id", "created_at", "updated_at") VALUES (29, 1, 29, NULL, NULL);
INSERT INTO "public"."role_menu"("id", "role_id", "menu_id", "created_at", "updated_at") VALUES (30, 1, 30, NULL, NULL);
INSERT INTO "public"."role_menu"("id", "role_id", "menu_id", "created_at", "updated_at") VALUES (31, 1, 31, NULL, NULL);
INSERT INTO "public"."role_menu"("id", "role_id", "menu_id", "created_at", "updated_at") VALUES (32, 1, 32, NULL, NULL);
INSERT INTO "public"."role_menu"("id", "role_id", "menu_id", "created_at", "updated_at") VALUES (33, 1, 33, NULL, NULL);
INSERT INTO "public"."role_menu"("id", "role_id", "menu_id", "created_at", "updated_at") VALUES (34, 1, 34, NULL, NULL);
INSERT INTO "public"."role_menu"("id", "role_id", "menu_id", "created_at", "updated_at") VALUES (35, 1, 35, NULL, NULL);
INSERT INTO "public"."role_menu"("id", "role_id", "menu_id", "created_at", "updated_at") VALUES (38, 1, 38, NULL, NULL);
INSERT INTO "public"."role_menu"("id", "role_id", "menu_id", "created_at", "updated_at") VALUES (39, 1, 39, NULL, NULL);
INSERT INTO "public"."role_menu"("id", "role_id", "menu_id", "created_at", "updated_at") VALUES (40, 1, 40, NULL, NULL);
INSERT INTO "public"."role_menu"("id", "role_id", "menu_id", "created_at", "updated_at") VALUES (41, 1, 41, NULL, NULL);
INSERT INTO "public"."role_menu"("id", "role_id", "menu_id", "created_at", "updated_at") VALUES (42, 1, 42, NULL, NULL);


ALTER SEQUENCE role_menu_id_seq RESTART WITH 43;

INSERT INTO "public"."permissions"("id", "name", "action", "description", "created_at", "updated_at") VALUES (1, 'show', 'show', 'Lihat', '2018-11-14 19:42:11', '2018-11-14 19:42:11');
INSERT INTO "public"."permissions"("id", "name", "action", "description", "created_at", "updated_at") VALUES (2, 'create', 'store', 'Simpan', '2018-11-14 19:42:11', '2018-11-14 19:42:11');
INSERT INTO "public"."permissions"("id", "name", "action", "description", "created_at", "updated_at") VALUES (3, 'edit', 'update', 'Ubah', '2018-11-14 19:42:11', '2018-11-14 19:42:11');
INSERT INTO "public"."permissions"("id", "name", "action", "description", "created_at", "updated_at") VALUES (4, 'destroy', 'destroy', 'Hapus', '2018-11-14 19:42:11', '2018-11-14 19:42:11');

ALTER SEQUENCE permissions_id_seq RESTART WITH 5;

INSERT INTO "public"."menu_permission"("id", "role_menu_id", "permission_id", "created_at", "updated_at") VALUES (1, 3, 1, '2018-11-14 19:42:11', '2018-11-14 19:42:11');
INSERT INTO "public"."menu_permission"("id", "role_menu_id", "permission_id", "created_at", "updated_at") VALUES (2, 3, 2, '2018-11-14 19:42:11', '2018-11-14 19:42:11');
INSERT INTO "public"."menu_permission"("id", "role_menu_id", "permission_id", "created_at", "updated_at") VALUES (3, 3, 3, '2018-11-14 19:42:11', '2018-11-14 19:42:11');
INSERT INTO "public"."menu_permission"("id", "role_menu_id", "permission_id", "created_at", "updated_at") VALUES (4, 3, 4, '2018-11-14 19:42:11', '2018-11-14 19:42:11');
INSERT INTO "public"."menu_permission"("id", "role_menu_id", "permission_id", "created_at", "updated_at") VALUES (5, 4, 1, '2018-11-14 19:42:11', '2018-11-14 19:42:11');
INSERT INTO "public"."menu_permission"("id", "role_menu_id", "permission_id", "created_at", "updated_at") VALUES (6, 4, 2, '2018-11-14 19:42:11', '2018-11-14 19:42:11');
INSERT INTO "public"."menu_permission"("id", "role_menu_id", "permission_id", "created_at", "updated_at") VALUES (7, 4, 3, '2018-11-14 19:42:11', '2018-11-14 19:42:11');
INSERT INTO "public"."menu_permission"("id", "role_menu_id", "permission_id", "created_at", "updated_at") VALUES (8, 4, 4, '2018-11-14 19:42:11', '2018-11-14 19:42:11');
INSERT INTO "public"."menu_permission"("id", "role_menu_id", "permission_id", "created_at", "updated_at") VALUES (9, 5, 1, '2018-11-14 19:42:11', '2018-11-14 19:42:11');
INSERT INTO "public"."menu_permission"("id", "role_menu_id", "permission_id", "created_at", "updated_at") VALUES (10, 5, 2, '2018-11-14 19:42:11', '2018-11-14 19:42:11');
INSERT INTO "public"."menu_permission"("id", "role_menu_id", "permission_id", "created_at", "updated_at") VALUES (11, 5, 3, '2018-11-14 19:42:11', '2018-11-14 19:42:11');
INSERT INTO "public"."menu_permission"("id", "role_menu_id", "permission_id", "created_at", "updated_at") VALUES (12, 5, 4, '2018-11-14 19:42:11', '2018-11-14 19:42:11');
INSERT INTO "public"."menu_permission"("id", "role_menu_id", "permission_id", "created_at", "updated_at") VALUES (13, 6, 1, '2018-11-14 19:42:11', '2018-11-14 19:42:11');
INSERT INTO "public"."menu_permission"("id", "role_menu_id", "permission_id", "created_at", "updated_at") VALUES (14, 6, 2, '2018-11-14 19:42:11', '2018-11-14 19:42:11');
INSERT INTO "public"."menu_permission"("id", "role_menu_id", "permission_id", "created_at", "updated_at") VALUES (15, 6, 3, '2018-11-14 19:42:11', '2018-11-14 19:42:11');
INSERT INTO "public"."menu_permission"("id", "role_menu_id", "permission_id", "created_at", "updated_at") VALUES (16, 6, 4, '2018-11-14 19:42:11', '2018-11-14 19:42:11');
INSERT INTO "public"."menu_permission"("id", "role_menu_id", "permission_id", "created_at", "updated_at") VALUES (17, 7, 1, '2018-11-14 19:42:11', '2018-11-14 19:42:11');
INSERT INTO "public"."menu_permission"("id", "role_menu_id", "permission_id", "created_at", "updated_at") VALUES (18, 7, 2, '2018-11-14 19:42:11', '2018-11-14 19:42:11');
INSERT INTO "public"."menu_permission"("id", "role_menu_id", "permission_id", "created_at", "updated_at") VALUES (19, 7, 3, '2018-11-14 19:42:11', '2018-11-14 19:42:11');
INSERT INTO "public"."menu_permission"("id", "role_menu_id", "permission_id", "created_at", "updated_at") VALUES (20, 7, 4, '2018-11-14 19:42:11', '2018-11-14 19:42:11');
INSERT INTO "public"."menu_permission"("id", "role_menu_id", "permission_id", "created_at", "updated_at") VALUES (21, 10, 1, '2018-11-19 14:56:24', '2018-11-19 14:56:24');
INSERT INTO "public"."menu_permission"("id", "role_menu_id", "permission_id", "created_at", "updated_at") VALUES (22, 10, 2, '2018-11-19 14:56:24', '2018-11-19 14:56:24');
INSERT INTO "public"."menu_permission"("id", "role_menu_id", "permission_id", "created_at", "updated_at") VALUES (23, 10, 3, '2018-11-19 14:56:24', '2018-11-19 14:56:24');
INSERT INTO "public"."menu_permission"("id", "role_menu_id", "permission_id", "created_at", "updated_at") VALUES (25, 11, 1, '2018-11-19 14:56:24', '2018-11-19 14:56:24');
INSERT INTO "public"."menu_permission"("id", "role_menu_id", "permission_id", "created_at", "updated_at") VALUES (26, 11, 2, '2018-11-19 14:56:24', '2018-11-19 14:56:24');
INSERT INTO "public"."menu_permission"("id", "role_menu_id", "permission_id", "created_at", "updated_at") VALUES (27, 11, 3, '2018-11-19 14:56:24', '2018-11-19 14:56:24');
INSERT INTO "public"."menu_permission"("id", "role_menu_id", "permission_id", "created_at", "updated_at") VALUES (28, 11, 4, '2018-11-19 14:56:24', '2018-11-19 14:56:24');
INSERT INTO "public"."menu_permission"("id", "role_menu_id", "permission_id", "created_at", "updated_at") VALUES (29, 12, 1, '2018-11-19 14:56:24', '2018-11-19 14:56:24');
INSERT INTO "public"."menu_permission"("id", "role_menu_id", "permission_id", "created_at", "updated_at") VALUES (30, 12, 2, '2018-11-19 14:56:24', '2018-11-19 14:56:24');
INSERT INTO "public"."menu_permission"("id", "role_menu_id", "permission_id", "created_at", "updated_at") VALUES (31, 12, 3, '2018-11-19 14:56:24', '2018-11-19 14:56:24');
INSERT INTO "public"."menu_permission"("id", "role_menu_id", "permission_id", "created_at", "updated_at") VALUES (32, 12, 4, '2018-11-19 14:56:24', '2018-11-19 14:56:24');
INSERT INTO "public"."menu_permission"("id", "role_menu_id", "permission_id", "created_at", "updated_at") VALUES (37, 14, 1, '2018-11-19 14:56:24', '2018-11-19 14:56:24');
INSERT INTO "public"."menu_permission"("id", "role_menu_id", "permission_id", "created_at", "updated_at") VALUES (38, 14, 2, '2018-11-19 14:56:24', '2018-11-19 14:56:24');
INSERT INTO "public"."menu_permission"("id", "role_menu_id", "permission_id", "created_at", "updated_at") VALUES (39, 14, 3, '2018-11-19 14:56:24', '2018-11-19 14:56:24');
INSERT INTO "public"."menu_permission"("id", "role_menu_id", "permission_id", "created_at", "updated_at") VALUES (40, 14, 4, '2018-11-19 14:56:24', '2018-11-19 14:56:24');
INSERT INTO "public"."menu_permission"("id", "role_menu_id", "permission_id", "created_at", "updated_at") VALUES (41, 15, 1, '2018-11-19 14:56:24', '2018-11-19 14:56:24');
INSERT INTO "public"."menu_permission"("id", "role_menu_id", "permission_id", "created_at", "updated_at") VALUES (42, 15, 2, '2018-11-19 14:56:24', '2018-11-19 14:56:24');
INSERT INTO "public"."menu_permission"("id", "role_menu_id", "permission_id", "created_at", "updated_at") VALUES (43, 15, 3, '2018-11-19 14:56:24', '2018-11-19 14:56:24');
INSERT INTO "public"."menu_permission"("id", "role_menu_id", "permission_id", "created_at", "updated_at") VALUES (44, 15, 4, '2018-11-19 14:56:24', '2018-11-19 14:56:24');
INSERT INTO "public"."menu_permission"("id", "role_menu_id", "permission_id", "created_at", "updated_at") VALUES (45, 16, 1, '2018-11-19 14:56:24', '2018-11-19 14:56:24');
INSERT INTO "public"."menu_permission"("id", "role_menu_id", "permission_id", "created_at", "updated_at") VALUES (46, 16, 2, '2018-11-19 14:56:24', '2018-11-19 14:56:24');
INSERT INTO "public"."menu_permission"("id", "role_menu_id", "permission_id", "created_at", "updated_at") VALUES (47, 16, 3, '2018-11-19 14:56:24', '2018-11-19 14:56:24');
INSERT INTO "public"."menu_permission"("id", "role_menu_id", "permission_id", "created_at", "updated_at") VALUES (48, 16, 4, '2018-11-19 14:56:24', '2018-11-19 14:56:24');
INSERT INTO "public"."menu_permission"("id", "role_menu_id", "permission_id", "created_at", "updated_at") VALUES (49, 17, 1, '2018-11-19 14:56:24', '2018-11-19 14:56:24');
INSERT INTO "public"."menu_permission"("id", "role_menu_id", "permission_id", "created_at", "updated_at") VALUES (50, 17, 2, '2018-11-19 14:56:24', '2018-11-19 14:56:24');
INSERT INTO "public"."menu_permission"("id", "role_menu_id", "permission_id", "created_at", "updated_at") VALUES (51, 17, 3, '2018-11-19 14:56:24', '2018-11-19 14:56:24');
INSERT INTO "public"."menu_permission"("id", "role_menu_id", "permission_id", "created_at", "updated_at") VALUES (52, 17, 4, '2018-11-19 14:56:24', '2018-11-19 14:56:24');
INSERT INTO "public"."menu_permission"("id", "role_menu_id", "permission_id", "created_at", "updated_at") VALUES (53, 19, 1, '2018-11-19 14:56:24', '2018-11-19 14:56:24');
INSERT INTO "public"."menu_permission"("id", "role_menu_id", "permission_id", "created_at", "updated_at") VALUES (54, 19, 2, '2018-11-19 14:56:24', '2018-11-19 14:56:24');
INSERT INTO "public"."menu_permission"("id", "role_menu_id", "permission_id", "created_at", "updated_at") VALUES (55, 19, 3, '2018-11-19 14:56:24', '2018-11-19 14:56:24');
INSERT INTO "public"."menu_permission"("id", "role_menu_id", "permission_id", "created_at", "updated_at") VALUES (56, 19, 4, '2018-11-19 14:56:24', '2018-11-19 14:56:24');
INSERT INTO "public"."menu_permission"("id", "role_menu_id", "permission_id", "created_at", "updated_at") VALUES (57, 20, 1, '2018-11-19 14:56:24', '2018-11-19 14:56:24');
INSERT INTO "public"."menu_permission"("id", "role_menu_id", "permission_id", "created_at", "updated_at") VALUES (58, 20, 2, '2018-11-19 14:56:24', '2018-11-19 14:56:24');
INSERT INTO "public"."menu_permission"("id", "role_menu_id", "permission_id", "created_at", "updated_at") VALUES (59, 20, 3, '2018-11-19 14:56:24', '2018-11-19 14:56:24');
INSERT INTO "public"."menu_permission"("id", "role_menu_id", "permission_id", "created_at", "updated_at") VALUES (60, 20, 4, '2018-11-19 14:56:24', '2018-11-19 14:56:24');
INSERT INTO "public"."menu_permission"("id", "role_menu_id", "permission_id", "created_at", "updated_at") VALUES (61, 22, 1, '2018-11-19 14:56:24', '2018-11-19 14:56:24');
INSERT INTO "public"."menu_permission"("id", "role_menu_id", "permission_id", "created_at", "updated_at") VALUES (62, 22, 2, '2018-11-19 14:56:24', '2018-11-19 14:56:24');
INSERT INTO "public"."menu_permission"("id", "role_menu_id", "permission_id", "created_at", "updated_at") VALUES (63, 22, 3, '2018-11-19 14:56:24', '2018-11-19 14:56:24');
INSERT INTO "public"."menu_permission"("id", "role_menu_id", "permission_id", "created_at", "updated_at") VALUES (64, 22, 4, '2018-11-19 14:56:24', '2018-11-19 14:56:24');
INSERT INTO "public"."menu_permission"("id", "role_menu_id", "permission_id", "created_at", "updated_at") VALUES (65, 23, 1, '2018-11-19 14:56:24', '2018-11-19 14:56:24');
INSERT INTO "public"."menu_permission"("id", "role_menu_id", "permission_id", "created_at", "updated_at") VALUES (66, 23, 2, '2018-11-19 14:56:24', '2018-11-19 14:56:24');
INSERT INTO "public"."menu_permission"("id", "role_menu_id", "permission_id", "created_at", "updated_at") VALUES (67, 23, 3, '2018-11-19 14:56:24', '2018-11-19 14:56:24');
INSERT INTO "public"."menu_permission"("id", "role_menu_id", "permission_id", "created_at", "updated_at") VALUES (68, 23, 4, '2018-11-19 14:56:24', '2018-11-19 14:56:24');
INSERT INTO "public"."menu_permission"("id", "role_menu_id", "permission_id", "created_at", "updated_at") VALUES (73, 26, 1, '2018-11-19 14:56:24', '2018-11-19 14:56:24');
INSERT INTO "public"."menu_permission"("id", "role_menu_id", "permission_id", "created_at", "updated_at") VALUES (74, 26, 2, '2018-11-19 14:56:24', '2018-11-19 14:56:24');
INSERT INTO "public"."menu_permission"("id", "role_menu_id", "permission_id", "created_at", "updated_at") VALUES (75, 26, 3, '2018-11-19 14:56:24', '2018-11-19 14:56:24');
INSERT INTO "public"."menu_permission"("id", "role_menu_id", "permission_id", "created_at", "updated_at") VALUES (76, 26, 4, '2018-11-19 14:56:24', '2018-11-19 14:56:24');
INSERT INTO "public"."menu_permission"("id", "role_menu_id", "permission_id", "created_at", "updated_at") VALUES (77, 27, 1, '2018-11-19 14:56:24', '2018-11-19 14:56:24');
INSERT INTO "public"."menu_permission"("id", "role_menu_id", "permission_id", "created_at", "updated_at") VALUES (78, 27, 2, '2018-11-19 14:56:24', '2018-11-19 14:56:24');
INSERT INTO "public"."menu_permission"("id", "role_menu_id", "permission_id", "created_at", "updated_at") VALUES (79, 27, 3, '2018-11-19 14:56:24', '2018-11-19 14:56:24');
INSERT INTO "public"."menu_permission"("id", "role_menu_id", "permission_id", "created_at", "updated_at") VALUES (80, 27, 4, '2018-11-19 14:56:24', '2018-11-19 14:56:24');
INSERT INTO "public"."menu_permission"("id", "role_menu_id", "permission_id", "created_at", "updated_at") VALUES (81, 29, 1, '2018-11-19 14:56:24', '2018-11-19 14:56:24');
INSERT INTO "public"."menu_permission"("id", "role_menu_id", "permission_id", "created_at", "updated_at") VALUES (82, 29, 2, '2018-11-19 14:56:24', '2018-11-19 14:56:24');
INSERT INTO "public"."menu_permission"("id", "role_menu_id", "permission_id", "created_at", "updated_at") VALUES (83, 29, 3, '2018-11-19 14:56:24', '2018-11-19 14:56:24');
INSERT INTO "public"."menu_permission"("id", "role_menu_id", "permission_id", "created_at", "updated_at") VALUES (84, 29, 4, '2018-11-19 14:56:24', '2018-11-19 14:56:24');
INSERT INTO "public"."menu_permission"("id", "role_menu_id", "permission_id", "created_at", "updated_at") VALUES (85, 30, 1, '2018-11-19 14:56:24', '2018-11-19 14:56:24');
INSERT INTO "public"."menu_permission"("id", "role_menu_id", "permission_id", "created_at", "updated_at") VALUES (86, 30, 2, '2018-11-19 14:56:24', '2018-11-19 14:56:24');
INSERT INTO "public"."menu_permission"("id", "role_menu_id", "permission_id", "created_at", "updated_at") VALUES (87, 30, 3, '2018-11-19 14:56:24', '2018-11-19 14:56:24');
INSERT INTO "public"."menu_permission"("id", "role_menu_id", "permission_id", "created_at", "updated_at") VALUES (88, 30, 4, '2018-11-19 14:56:24', '2018-11-19 14:56:24');
INSERT INTO "public"."menu_permission"("id", "role_menu_id", "permission_id", "created_at", "updated_at") VALUES (89, 31, 1, '2018-11-19 14:56:24', '2018-11-19 14:56:24');
INSERT INTO "public"."menu_permission"("id", "role_menu_id", "permission_id", "created_at", "updated_at") VALUES (90, 31, 2, '2018-11-19 14:56:24', '2018-11-19 14:56:24');
INSERT INTO "public"."menu_permission"("id", "role_menu_id", "permission_id", "created_at", "updated_at") VALUES (91, 31, 3, '2018-11-19 14:56:24', '2018-11-19 14:56:24');
INSERT INTO "public"."menu_permission"("id", "role_menu_id", "permission_id", "created_at", "updated_at") VALUES (92, 31, 4, '2018-11-19 14:56:24', '2018-11-19 14:56:24');
INSERT INTO "public"."menu_permission"("id", "role_menu_id", "permission_id", "created_at", "updated_at") VALUES (93, 33, 1, '2018-11-19 14:56:24', '2018-11-19 14:56:24');
INSERT INTO "public"."menu_permission"("id", "role_menu_id", "permission_id", "created_at", "updated_at") VALUES (94, 33, 2, '2018-11-19 14:56:24', '2018-11-19 14:56:24');
INSERT INTO "public"."menu_permission"("id", "role_menu_id", "permission_id", "created_at", "updated_at") VALUES (95, 33, 3, '2018-11-19 14:56:24', '2018-11-19 14:56:24');
INSERT INTO "public"."menu_permission"("id", "role_menu_id", "permission_id", "created_at", "updated_at") VALUES (96, 33, 4, '2018-11-19 14:56:24', '2018-11-19 14:56:24');
INSERT INTO "public"."menu_permission"("id", "role_menu_id", "permission_id", "created_at", "updated_at") VALUES (97, 34, 1, '2018-11-19 14:56:24', '2018-11-19 14:56:24');
INSERT INTO "public"."menu_permission"("id", "role_menu_id", "permission_id", "created_at", "updated_at") VALUES (98, 34, 2, '2018-11-19 14:56:24', '2018-11-19 14:56:24');
INSERT INTO "public"."menu_permission"("id", "role_menu_id", "permission_id", "created_at", "updated_at") VALUES (99, 34, 3, '2018-11-19 14:56:24', '2018-11-19 14:56:24');
INSERT INTO "public"."menu_permission"("id", "role_menu_id", "permission_id", "created_at", "updated_at") VALUES (100, 34, 4, '2018-11-19 14:56:24', '2018-11-19 14:56:24');
INSERT INTO "public"."menu_permission"("id", "role_menu_id", "permission_id", "created_at", "updated_at") VALUES (101, 35, 1, '2018-11-19 14:56:24', '2018-11-19 14:56:24');
INSERT INTO "public"."menu_permission"("id", "role_menu_id", "permission_id", "created_at", "updated_at") VALUES (102, 35, 2, '2018-11-19 14:56:24', '2018-11-19 14:56:24');
INSERT INTO "public"."menu_permission"("id", "role_menu_id", "permission_id", "created_at", "updated_at") VALUES (103, 35, 3, '2018-11-19 14:56:24', '2018-11-19 14:56:24');
INSERT INTO "public"."menu_permission"("id", "role_menu_id", "permission_id", "created_at", "updated_at") VALUES (104, 35, 4, '2018-11-19 14:56:24', '2018-11-19 14:56:24');
INSERT INTO "public"."menu_permission"("id", "role_menu_id", "permission_id", "created_at", "updated_at") VALUES (109, 38, 1, '2019-06-12 17:45:11', '2019-06-12 17:45:11');
INSERT INTO "public"."menu_permission"("id", "role_menu_id", "permission_id", "created_at", "updated_at") VALUES (110, 38, 2, '2019-06-12 17:45:11', '2019-06-12 17:45:11');
INSERT INTO "public"."menu_permission"("id", "role_menu_id", "permission_id", "created_at", "updated_at") VALUES (111, 38, 3, '2019-06-12 17:45:11', '2019-06-12 17:45:11');
INSERT INTO "public"."menu_permission"("id", "role_menu_id", "permission_id", "created_at", "updated_at") VALUES (112, 38, 4, '2019-06-12 17:45:11', '2019-06-12 17:45:11');
INSERT INTO "public"."menu_permission"("id", "role_menu_id", "permission_id", "created_at", "updated_at") VALUES (113, 40, 1, '2019-06-13 11:54:20', '2019-06-13 11:54:20');
INSERT INTO "public"."menu_permission"("id", "role_menu_id", "permission_id", "created_at", "updated_at") VALUES (114, 41, 1, '2019-06-13 11:54:20', '2019-06-13 11:54:20');
INSERT INTO "public"."menu_permission"("id", "role_menu_id", "permission_id", "created_at", "updated_at") VALUES (115, 42, 1, '2019-06-24 15:00:24', '2019-06-24 15:00:24');


ALTER SEQUENCE menu_permission_id_seq RESTART WITH 116;